Workbook

Sheet Contactos
A1: ID | B1: Nombre | C1: Cargo | D1: Empresa | E1: País | F1: Email | G1: LinkedIn | H1: Origen | I1: Estado | J1: Prioridad | K1: Próxima acción | L1: Notas | M1: Segmento SafetyMind | N1: Stand(s) | O1: N° stands | P1: Rubro FIDAE | Q1: Web | R1: Teléfono(s) | S1: Cruce otros CRM
A2: 1 | D2: A PROFESIONAL AVIATION SERVICES CHILE ( APAS CHILE) | E2: Chile | H2: FIDAE 2026 | I2: Prospecto | J2: Alta | K2: Identificar Gerente de Seguridad Operacional/HSE; proponer piloto (hangar, rampa, mantenimiento, combustible) | L2: FIDAE 2026. Sin contacto publicado. | M2: Cliente final – operador aéreo / MRO / industria | N2: CHALET C5 Y C6 | O2: 1 | P2: Mantenimiento aeronáutico (MRO) | Q2: https://www.apaschile.cl/ | S2: No
A3: 2 | D3: ABM AERO | E3: Chile | H3: FIDAE 2026 | I3: Prospecto | J3: Alta | K3: Identificar Gerente de Seguridad Operacional/HSE; proponer piloto (hangar, rampa, mantenimiento, combustible) | L3: FIDAE 2026. Sin contacto publicado. | M3: Cliente final – operador aéreo / MRO / industria | N3: D23 | O3: 1 | P3: Aviación civil y comercial | Q3: https://ww.abmaero.cl/ | S3: No
A4: 3 | D4: AEREOS DEFENSE | E4: Chile | H4: FIDAE 2026 | I4: Prospecto | J4: Alta | K4: Identificar Gerente de Seguridad Operacional/HSE; proponer piloto (hangar, rampa, mantenimiento, combustible) | L4: FIDAE 2026. Sin contacto publicado. | M4: Cliente final – operador aéreo / MRO / industria | N4: C53 | O4: 1 | P4: Mantenimiento aeronáutico (MRO) | Q4: https://ww.aereos.com/ | S4: No
A5: 4 | D5: AEROCARDAL LIMITADA | E5: Chile | H5: FIDAE 2026 | I5: Prospecto | J5: Alta | K5: Identificar Gerente de Seguridad Operacional/HSE; proponer piloto (hangar, rampa, mantenimiento, combustible) | L5: FIDAE 2026. Sin contacto publicado. | M5: Cliente final – operador aéreo / MRO / industria | N5: CHALET A3 | O5: 1 | P5: Aviación civil y comercial | Q5: https://www.aerocardal.com/ | S5: No
A6: 5 | D6: AEROLIDER | E6: Chile | H6: FIDAE 2026 | I6: Prospecto | J6: Alta | K6: Identificar Gerente de Seguridad Operacional/HSE; proponer piloto (hangar, rampa, mantenimiento, combustible) | L6: FIDAE 2026. Sin contacto publicado. | M6: Cliente final – operador aéreo / MRO / industria | N6: E12 | O6: 1 | P6: Aviación civil y comercial | Q6: https://www.aerolider.com/ | S6: No
A7: 6 | D7: AEROMAC (AERONAUTICAL MAINTENANCE CENTER SPA.) | E7: Chile | H7: FIDAE 2026 | I7: Prospecto | J7: Alta | K7: Identificar Gerente de Seguridad Operacional/HSE; proponer piloto (hangar, rampa, mantenimiento, combustible) | L7: FIDAE 2026. Sin contacto publicado. | M7: Cliente final – operador aéreo / MRO / industria | N7: E139 | O7: 1 | P7: Defensa | Q7: https://www.aeromac-group.com/ | S7: No
A8: 7 | D8: AERONAUTICAL INVESTMENTS SPA | E8: Chile | H8: FIDAE 2026 | I8: Prospecto | J8: Alta | K8: Identificar Gerente de Seguridad Operacional/HSE; proponer piloto (hangar, rampa, mantenimiento, combustible) | L8: FIDAE 2026. Sin contacto publicado. | M8: Cliente final – operador aéreo / MRO / industria | N8: E30 | O8: 1 | P8: Defensa | Q8: https://www.aeronauticalinvestments.com/ | S8: No
A9: 8 | D9: Aeroservicios Toqui Ltda | E9: Chile | H9: FIDAE 2026 | I9: Prospecto | J9: Alta | K9: Identificar Gerente de Seguridad Operacional/HSE; proponer piloto (hangar, rampa, mantenimiento, combustible) | L9: FIDAE 2026. Sin contacto publicado. | M9: Cliente final – operador aéreo / MRO / industria | N9: E 02 | O9: 1 | P9: Aviación civil y comercial | Q9: https://www.aerotoqui.cl/ | S9: No
A10: 9 | D10: ASMAR - ASTILLEROS Y MAESTRANZAS DE LA ARMADA | E10: Chile | H10: FIDAE 2026 | I10: Prospecto | J10: Alta | K10: Identificar Gerente de Seguridad Operacional/HSE; proponer piloto (hangar, rampa, mantenimiento, combustible) | L10: FIDAE 2026. Sin contacto publicado. | M10: Cliente final – operador aéreo / MRO / industria | N10: D130 | O10: 1 | P10: Defensa | Q10: https://www.asmar.cl/ | S10: No
A11: 10 | D11: BODE AVIATION | E11: Chile | H11: FIDAE 2026 | I11: Prospecto | J11: Alta | K11: Identificar Gerente de Seguridad Operacional/HSE; proponer piloto (hangar, rampa, mantenimiento, combustible) | L11: FIDAE 2026. Sin contacto publicado. | M11: Cliente final – operador aéreo / MRO / industria | N11: E02 | O11: 1 | P11: Aviación civil y comercial | Q11: https://www.flybode.com/ | S11: No
A12: 11 | D12: CLUB AÉREO DE SANTIAGO | E12: Chile | H12: FIDAE 2026 | I12: Prospecto | J12: Alta | K12: Identificar Gerente de Seguridad Operacional/HSE; proponer piloto (hangar, rampa, mantenimiento, combustible) | L12: FIDAE 2026. Sin contacto publicado. | M12: Cliente final – operador aéreo / MRO / industria | N12: OUTDOOR /AIRCRAFT DISPLAY | O12: 1 | P12: Aviación civil y comercial | Q12: https://www.cas.cl/ | S12: No
A13: 12 | D13: DISTRIBUIDORA DE VEHICULOS ESPECIALES SPA. | E13: Chile | H13: FIDAE 2026 | I13: Prospecto | J13: Alta | K13: Identificar Gerente de Seguridad Operacional/HSE; proponer piloto (hangar, rampa, mantenimiento, combustible) | L13: FIDAE 2026. Sin contacto publicado. | M13: Cliente final – operador aéreo / MRO / industria | N13: OUTDOOR | O13: 1 | P13: Defensa | Q13: https://www.divespec.cl/ | S13: No
... A23: 22 | D23: SISDEF LTDA | E23: Chile | H23: FIDAE 2026 | I23: Prospecto | J23: Alta | K23: Identificar Gerente de Seguridad Operacional/HSE; proponer piloto (hangar, rampa, mantenimiento, combustible) | L23: FIDAE 2026. También en: AquaSur (ID 17). Sin contacto publicado. | M23: Cliente final – operador aéreo / MRO / industria | N23: D130 | O23: 1 | P23: Defensa | Q23: https://www.sisdef.cl/ | S23: AquaSur (ID 17)
A24: 23 | D24: TKOF SPA | E24: Chile | H24: FIDAE 2026 | I24: Prospecto | J24: Alta | K24: Identificar Gerente de Seguridad Operacional/HSE; proponer piloto (hangar, rampa, mantenimiento, combustible) | L24: FIDAE 2026. Sin contacto publicado. | M24: Cliente final – operador aéreo / MRO / industria | N24: E29 | O24: 1 | Q24: https://www.tkofaviation.com/ | S24: No
A25: 24 | D25: HELISUL TAXI AEREO LTDA | E25: Brasil | H25: FIDAE 2026 | I25: Prospecto | J25: Alta | K25: Identificar Gerente de Seguridad Operacional/HSE; proponer piloto (hangar, rampa, mantenimiento, combustible) | L25: FIDAE 2026. Sin contacto publicado. | M25: Cliente final – operador aéreo / MRO / industria | N25: C47 | O25: 1 | P25: Aviación civil y comercial | Q25: https://www.helisul.com/ | S25: No
A26: 25 | D26: LAMAIGNERE CARGO S.L. | E26: España | H26: FIDAE 2026 | I26: Prospecto | J26: Alta | K26: Identificar Gerente de Seguridad Operacional/HSE; proponer piloto (hangar, rampa, mantenimiento, combustible) | L26: FIDAE 2026. Sin contacto publicado. | M26: Cliente final – operador aéreo / MRO / industria | N26: B30 | O26: 1 | P26: Logística y apoyo en tierra | Q26: https://www.lamaignere.com/ | S26: No
A27: 26 | D27: WORLD FUEL SERVICES | E27: Estados Unidos | H27: FIDAE 2026 | I27: Prospecto | J27: Alta | K27: Identificar Gerente de Seguridad Operacional/HSE; proponer piloto (hangar, rampa, mantenimiento, combustible) | L27: FIDAE 2026. Sin ubicación asignada. Sin contacto publicado. | M27: Cliente final – operador aéreo / MRO / industria | O27: 0 | P27: Servicios y equipos aeroportuarios | Q27: https://www.world-kinect.com/world-fuel | S27: No
A28: 27 | D28: ACELERADORA ANIPRIME LIMITADA | E28: Chile | H28: FIDAE 2026 | I28: Prospecto | J28: Alta | K28: Mapear oferta: evaluar integración (cámaras térmicas, drones, satélite, comunicaciones) o competencia | L28: FIDAE 2026. Sin contacto publicado. | M28: Partner tecnológico / competidor | N28: D29 | O28: 1 | P28: UAV / drones | Q28: https://www.stellarchile.cl/ | S28: No
A29: 28 | D29: ALACRON.AI | E29: Chile | H29: FIDAE 2026 | I29: Prospecto | J29: Alta | K29: Mapear oferta: evaluar integración (cámaras térmicas, drones, satélite, comunicaciones) o competencia | L29: FIDAE 2026. Sin contacto publicado. | M29: Partner tecnológico / competidor | N29: E10 | O29: 1 | P29: Otros | Q29: https://www.alacron.ai/ | S29: No
A30: 29 | D30: AUTEL ROBOTICS | E30: Chile | H30: FIDAE 2026 | I30: Prospecto | J30: Alta | K30: Mapear oferta: evaluar integración (cámaras térmicas, drones, satélite, comunicaciones) o competencia | L30: FIDAE 2026. Sin contacto publicado. | M30: Partner tecnológico / competidor | N30: G06 | O30: 1 | P30: UAV / drones | Q30: https://www.uavsics.cl/ | S30: No
A31: 30 | D31: Codan Communications | E31: Chile | H31: FIDAE 2026 | I31: Prospecto | J31: Alta | K31: Mapear oferta: evaluar integración (cámaras térmicas, drones, satélite, comunicaciones) o competencia | L31: FIDAE 2026. Sin contacto publicado. | M31: Partner tecnológico / competidor | N31: D08 | O31: 1 | S31: No
A32: 31 | D32: COMERCIALIZADORA RUGGEDTECH LIMITADA | E32: Chile | H32: FIDAE 2026 | I32: Prospecto | J32: Alta | K32: Mapear oferta: evaluar integración (cámaras térmicas, drones, satélite, comunicaciones) o competencia | L32: FIDAE 2026. Sin contacto publicado. | M32: Partner tecnológico / competidor | N32: D15 | O32: 1 | P32: Otros | Q32: https://www.ruggedtechla/ | S32: No
A33: 32 | D33: DTS (DESARROLLO DE TECNOLOGIA Y SISTEMAS SPA) | E33: Chile | H33: FIDAE 2026 | I33: Prospecto | J33: Alta | K33: Mapear oferta: evaluar integración (cámaras térmicas, drones, satélite, comunicaciones) o competencia | L33: FIDAE 2026. Sin contacto publicado. | M33: Partner tecnológico / competidor | N33: CHALET A1-A2 | O33: 1 | P33: Defensa | Q33: https://www.dts.cl/ | S33: No
A34: 33 | D34: ESRI CHILE | E34: Chile | H34: FIDAE 2026 | I34: Prospecto | J34: Alta | K34: Mapear oferta: evaluar integración (cámaras térmicas, drones, satélite, comunicaciones) o competencia | L34: FIDAE 2026. Sin contacto publicado. | M34: Partner tecnológico / competidor | N34: D18 | O34: 1 | P34: Tecnologías espaciales | Q34: https://www.esri.cl/ | S34: No
A35: 34 | D35: GEOCOM | E35: Chile | H35: FIDAE 2026 | I35: Prospecto | J35: Alta | K35: Mapear oferta: evaluar integración (cámaras térmicas, drones, satélite, comunicaciones) o competencia | L35: FIDAE 2026. Sin contacto publicado. | M35: Partner tecnológico / competidor | N35: G05 | O35: 1 | P35: UAV / drones | Q35: https://www.geocom.cl/ | S35: No
A36: 35 | D36: IPS TELECOM SPA | E36: Chile | H36: FIDAE 2026 | I36: Prospecto | J36: Alta | K36: Mapear oferta: evaluar integración (cámaras térmicas, drones, satélite, comunicaciones) o competencia | L36: FIDAE 2026. Sin contacto publicado. | M36: Partner tecnológico / competidor | N36: D8 | O36: 1 | P36: Otros | Q36: https://www.ipstelecom.cl/ | S36: No
A37: 36 | D37: MOTOROLA SOLUTIONS CHILE | E37: Chile | H37: FIDAE 2026 | I37: Prospecto | J37: Alta | K37: Mapear oferta: evaluar integración (cámaras térmicas, drones, satélite, comunicaciones) o competencia | L37: FIDAE 2026. Sin contacto publicado. | M37: Partner tecnológico / competidor | N37: B02 | O37: 1 | P37: Defensa | Q37: https://www.motorolasolutions.com/ | S37: No
A38: 37 | D38: NVIS Communications | E38: Chile | H38: FIDAE 2026 | I38: Prospecto | J38: Alta | K38: Mapear oferta: evaluar integración (cámaras térmicas, drones, satélite, comunicaciones) o competencia | L38: FIDAE 2026. Sin contacto publicado. | M38: Partner tecnológico / competidor | N38: D08 | O38: 1 | S38: No
A39: 38 | D39: OPEN CHANNEL S.A. | E39: Chile | H39: FIDAE 2026 | I39: Prospecto | J39: Alta | K39: Mapear oferta: evaluar integración (cámaras térmicas, drones, satélite, comunicaciones) o competencia | L39: FIDAE 2026. Sin contacto publicado. | M39: Partner tecnológico / competidor | N39: E44 | O39: 1 | P39: Ciberseguridad | Q39: https://www.openchannels.cl/ | S39: No
A40: 39 | D40: RASTER 4 SPA | E40: Chile | H40: FIDAE 2026 | I40: Prospecto | J40: Alta | K40: Mapear oferta: evaluar integración (cámaras térmicas, drones, satélite, comunicaciones) o competencia | L40: FIDAE 2026. Sin contacto publicado. | M40: Partner tecnológico / competidor | N40: D12 | O40: 1 | P40: Tecnologías espaciales | Q40: https://www.raster4.com/ | S40: No
A41: 40 | D41: ROBOMOTIC SPA | E41: Chile | H41: FIDAE 2026 | I41: Prospecto | J41: Alta | K41: Mapear oferta: evaluar integración (cámaras térmicas, drones, satélite, comunicaciones) o competencia | L41: FIDAE 2026. Sin contacto publicado. | M41: Partner tecnológico / competidor | N41: E26 | O41: 1 | P41: Ciberseguridad | Q41: https://www.robomotic%20.cl/ | S41: No
A42: 41 | D42: SERVICIOS Y SOLUCIONES TECNOLOGICAS SA | E42: Chile | H42: FIDAE 2026 | I42: Prospecto | J42: Alta | K42: Mapear oferta: evaluar integración (cámaras térmicas, drones, satélite, comunicaciones) o competencia | L42: FIDAE 2026. Sin ubicación asignada. Sin contacto publicado. | M42: Partner tecnológico / competidor | O42: 0 | P42: Otros | Q42: https://www.s2t.cl/ | S42: No
A43: 42 | D43: SETRONIX CHILE S.A | E43: Chile | H43: FIDAE 2026 | I43: Prospecto | J43: Alta | K43: Mapear oferta: evaluar integración (cámaras térmicas, drones, satélite, comunicaciones) o competencia | L43: FIDAE 2026. Sin contacto publicado. | M43: Partner tecnológico / competidor | N43: G10 | O43: 1 | Q43: https://www.setronix.cl/ | S43: No
A44: 43 | D44: SI IMAGING SERVICES (SIIS) | E44: Chile | H44: FIDAE 2026 | I44: Prospecto | J44: Alta | K44: Mapear oferta: evaluar integración (cámaras térmicas, drones, satélite, comunicaciones) o competencia | L44: FIDAE 2026. Sin contacto publicado. | M44: Partner tecnológico / competidor | N44: D136 | O44: 1 | P44: Tecnologías espaciales | Q44: https://www.si-imaging.com/ | S44: No
A45: 44 | D45: SKYTEL TELECOMUNICACIONES LIMITADA | E45: Chile | H45: FIDAE 2026 | I45: Prospecto | J45: Alta | K45: Mapear oferta: evaluar integración (cámaras térmicas, drones, satélite, comunicaciones) o competencia | L45: FIDAE 2026. Sin contacto publicado. | M45: Partner tecnológico / competidor | N45: HALL E - 16 | O45: 1 | P45: Defensa | Q45: https://www.skytel.cl/ | S45: No
A46: 45 | D46: SMART PARTNERS | E46: Chile | H46: FIDAE 2026 | I46: Prospecto | J46: Alta | K46: Mapear oferta: evaluar integración (cámaras térmicas, drones, satélite, comunicaciones) o competencia | L46: FIDAE 2026. Sin contacto publicado. | M46: Partner tecnológico / competidor | N46: C49 | O46: 1 | P46: Defensa | Q46: https://www.smartpartners.cl/ | S46: No
A47: 46 | D47: SOCIEDAD CREA3D INGENIERÍA SPA | E47: Chile | H47: FIDAE 2026 | I47: Prospecto | J47: Alta | K47: Mapear oferta: evaluar integración (cámaras térmicas, drones, satélite, comunicaciones) o competencia | L47: FIDAE 2026. Sin contacto publicado. | M47: Partner tecnológico / competidor | N47: E28 | O47: 1 | P47: UAV / drones | Q47: https://www.c3d.cl/ | S47: No
A48: 47 | D48: TEK CHILE | E48: Chile | H48: FIDAE 2026 | I48: Prospecto | J48: Alta | K48: Mapear oferta: evaluar integración (cámaras térmicas, drones, satélite, comunicaciones) o competencia | L48: FIDAE 2026. Sin contacto publicado. | M48: Partner tecnológico / competidor | N48: D105 | O48: 1 | P48: Defensa | Q48: https://www.tek.tech/ | S48: No
A49: 48 | D49: AEVEX | E49: Estados Unidos | H49: FIDAE 2026 | I49: Prospecto | J49: Alta | K49: Mapear oferta: evaluar integración (cámaras térmicas, drones, satélite, comunicaciones) o competencia | L49: FIDAE 2026. Sin contacto publicado. | M49: Partner tecnológico / competidor | N49: C64 | O49: 1 | P49: Seguridad interior | Q49: https://www.aevex.com/ | S49: No
A50: 49 | D50: BLIGHTER SURVEILLANCE SYSTEMS LTD. | E50: Reino Unido | H50: FIDAE 2026 | I50: Prospecto | J50: Alta | K50: Mapear oferta: evaluar integración (cámaras térmicas, drones, satélite, comunicaciones) o competencia | L50: FIDAE 2026. Sin contacto publicado. | M50: Partner tecnológico / competidor | N50: E115 | O50: 1 | P50: Aviación civil y comercial | Q50: https://www.blighter.com/ | S50: No
A51: 50 | D51: CAPELLA, AN IONQ COMPANY | E51: Estados Unidos | H51: FIDAE 2026 | I51: Prospecto | J51: Alta | K51: Mapear oferta: evaluar integración (cámaras térmicas, drones, satélite, comunicaciones) o competencia | L51: FIDAE 2026. Sin contacto publicado. | M51: Partner tecnológico / competidor | N51: C73 | O51: 1 | P51: Tecnologías espaciales | Q51: https://www.capellaspace.com/ | S51: No
A52: 51 | D52: DOODLE LABS. LLC | E52: Estados Unidos | H52: FIDAE 2026 | I52: Prospecto | J52: Alta | K52: Mapear oferta: evaluar integración (cámaras térmicas, drones, satélite, comunicaciones) o competencia | L52: FIDAE 2026. Sin contacto publicado. | M52: Partner tecnológico / competidor | N52: C70 | O52: 1 | P52: Defensa | Q52: https://www.doodlelabs.com/ | S52: No
A53: 52 | D53: DRONESHIELD | E53: Australia | H53: FIDAE 2026 | I53: Prospecto | J53: Alta | K53: Mapear oferta: evaluar integración (cámaras térmicas, drones, satélite, comunicaciones) o competencia | L53: FIDAE 2026. Sin contacto publicado. | M53: Partner tecnológico / competidor | N53: D114 | O53: 1 | P53: UAV / drones | Q53: https://www.droneshield.com/ | S53: No
A54: 53 | D54: EDNEO AG | E54: Alemania | H54: FIDAE 2026 | I54: Prospecto | J54: Alta | K54: Mapear oferta: evaluar integración (cámaras térmicas, drones, satélite, comunicaciones) o competencia | L54: FIDAE 2026. Sin contacto publicado. | M54: Partner tecnológico / competidor | N54: C36 | O54: 1 | P54: UAV / drones | Q54: https://www.edneo.de/ | S54: No
A55: 54 | D55: HAWKEYE 360 | E55: Estados Unidos | H55: FIDAE 2026 | I55: Prospecto | J55: Alta | K55: Mapear oferta: evaluar integración (cámaras térmicas, drones, satélite, comunicaciones) o competencia | L55: FIDAE 2026. Sin contacto publicado. | M55: Partner tecnológico / competidor | N55: C60 | O55: 1 | P55: Seguridad interior | Q55: https://www.he360.com/ | S55: No
A56: 55 | D56: HUGHES NETWORK SYSTEMS LLC | E56: Estados Unidos | H56: FIDAE 2026 | I56: Prospecto | J56: Alta | K56: Mapear oferta: evaluar integración (cámaras térmicas, drones, satélite, comunicaciones) o competencia | L56: FIDAE 2026. Sin contacto publicado. | M56: Partner tecnológico / competidor | N56: C38 | O56: 1 | P56: Tecnologías espaciales | Q56: https://www.hughes.com/cl | S56: No
A57: 56 | D57: IBERNEX | E57: España | H57: FIDAE 2026 | I57: Prospecto | J57: Alta | K57: Mapear oferta: evaluar integración (cámaras térmicas, drones, satélite, comunicaciones) o competencia | L57: FIDAE 2026. Sin ubicación asignada. Sin contacto publicado. | M57: Partner tecnológico / competidor | O57: 0 | P57: Otros | Q57: https://www.ibernex.es/ | S57: No
A58: 57 | D58: ICEYE | E58: Finlandia | H58: FIDAE 2026 | I58: Prospecto | J58: Alta | K58: Mapear oferta: evaluar integración (cámaras térmicas, drones, satélite, comunicaciones) o competencia | L58: FIDAE 2026. Sin contacto publicado. | M58: Partner tecnológico / competidor | N58: E137 | O58: 1 | P58: Tecnologías espaciales | Q58: https://www.iceye.com/ | S58: No
A59: 58 | D59: IDEAFORGE TECHNOLOGY LTD. | E59: India | H59: FIDAE 2026 | I59: Prospecto | J59: Alta | K59: Mapear oferta: evaluar integración (cámaras térmicas, drones, satélite, comunicaciones) o competencia | L59: FIDAE 2026. Sin contacto publicado. | M59: Partner tecnológico / competidor | N59: B16 | O59: 1 | P59: Seguridad interior | Q59: https://www.el-146,%20ttc%20industrial%20aerea,%20electronic%20zone,%20midc,%20ha/ | S59: No
A60: 59 | D60: JEPPESEN FOREFLIGHT | E60: Estados Unidos | H60: FIDAE 2026 | I60: Prospecto | J60: Alta | K60: Mapear oferta: evaluar integración (cámaras térmicas, drones, satélite, comunicaciones) o competencia | L60: FIDAE 2026. Sin contacto publicado. | M60: Partner tecnológico / competidor | N60: D14 | O60: 1 | P60: Defensa | Q60: https://www.foreflight.com/ | S60: No
A61: 60 | D61: NEXATLAS TECNOLOGIAS DIGITAIS LTDA. | E61: Brasil | H61: FIDAE 2026 | I61: Prospecto | J61: Alta | K61: Mapear oferta: evaluar integración (cámaras térmicas, drones, satélite, comunicaciones) o competencia | L61: FIDAE 2026. Sin contacto publicado. | M61: Partner tecnológico / competidor | N61: C47 | O61: 1 | P61: Aviación civil y comercial | Q61: https://www.nexatlas.com/ | S61: No
A62: 61 | D62: ORORATECH | E62: Alemania | H62: FIDAE 2026 | I62: Prospecto | J62: Alta | K62: Mapear oferta: evaluar integración (cámaras térmicas, drones, satélite, comunicaciones) o competencia | L62: FIDAE 2026. Sin contacto publicado. | M62: Partner tecnológico / competidor | N62: SPONSOR | O62: 1 | P62: Tecnologías espaciales | Q62: https://www.ororatech.com/ | S62: No
A63: 62 | D63: PERSISTENT SYSTEMS | E63: Estados Unidos | H63: FIDAE 2026 | I63: Prospecto | J63: Alta | K63: Mapear oferta: evaluar integración (cámaras térmicas, drones, satélite, comunicaciones) o competencia | L63: FIDAE 2026. Sin contacto publicado. | M63: Partner tecnológico / competidor | N63: C-32 | O63: 1 | P63: Seguridad interior | Q63: https://www.persitentsystems.com/ | S63: No
A64: 63 | D64: PLANET LABS PBC | E64: Estados Unidos | H64: FIDAE 2026 | I64: Prospecto | J64: Alta | K64: Mapear oferta: evaluar integración (cámaras térmicas, drones, satélite, comunicaciones) o competencia | L64: FIDAE 2026. Sin contacto publicado. | M64: Partner tecnológico / competidor | N64: C41 | O64: 1 | P64: Tecnologías espaciales | Q64: https://www.planet.com/ | S64: No
A65: 64 | D65: RED CAT HOLDING (Teal Drones) | E65: Estados Unidos | H65: FIDAE 2026 | I65: Prospecto | J65: Alta | K65: Mapear oferta: evaluar integración (cámaras térmicas, drones, satélite, comunicaciones) o competencia | L65: FIDAE 2026. Sin contacto publicado. | M65: Partner tecnológico / competidor | N65: C40 | O65: 1 | P65: Defensa | Q65: https://www.redcat.red/ | S65: No
A66: 65 | D66: SATLANTIS MICROSATS S.A. | E66: España | H66: FIDAE 2026 | I66: Prospecto | J66: Alta | K66: Mapear oferta: evaluar integración (cámaras térmicas, drones, satélite, comunicaciones) o competencia | L66: FIDAE 2026. Sin contacto publicado. | M66: Partner tecnológico / competidor | N66: B120 | O66: 1 | P66: Tecnologías espaciales | Q66: https://www.satlantis.com/ | S66: No
A67: 66 | D67: SECUNET INTERNATIONAL GMBH | E67: Alemania | H67: FIDAE 2026 | I67: Prospecto | J67: Alta | K67: Mapear oferta: evaluar integración (cámaras térmicas, drones, satélite, comunicaciones) o competencia | L67: FIDAE 2026. Sin contacto publicado. | M67: Partner tecnológico / competidor | N67: G02 | O67: 1 | P67: Ciberseguridad | Q67: https://www.secunet.com/ | S67: No
A68: 67 | D68: SHIELD AI | E68: Estados Unidos | H68: FIDAE 2026 | I68: Prospecto | J68: Alta | K68: Mapear oferta: evaluar integración (cámaras térmicas, drones, satélite, comunicaciones) o competencia | L68: FIDAE 2026. Sin contacto publicado. | M68: Partner tecnológico / competidor | N68: C22 | O68: 1 | P68: Defensa | Q68: https://www.shield.ai/ | S68: No
A69: 68 | D69: TELEDYNE FLIR LLC. | E69: Estados Unidos | H69: FIDAE 2026 | I69: Prospecto | J69: Alta | K69: Mapear oferta: evaluar integración (cámaras térmicas, drones, satélite, comunicaciones) o competencia | L69: FIDAE 2026. Sin contacto publicado. | M69: Partner tecnológico / competidor | N69: C17 | O69: 1 | P69: Defensa | S69: No
A70: 69 | D70: THEON SENSORS | E70: Grecia | H70: FIDAE 2026 | I70: Prospecto | J70: Alta | K70: Mapear oferta: evaluar integración (cámaras térmicas, drones, satélite, comunicaciones) o competencia | L70: FIDAE 2026. Sin contacto publicado. | M70: Partner tecnológico / competidor | N70: D113 | O70: 1 | P70: Defensa | Q70: https://www.theon.com/ | S70: No
A71: 70 | D71: TONBO IMAGING INDIA LIMITED | E71: India | H71: FIDAE 2026 | I71: Prospecto | J71: Alta | K71: Mapear oferta: evaluar integración (cámaras térmicas, drones, satélite, comunicaciones) o competencia | L71: FIDAE 2026. Sin contacto publicado. | M71: Partner tecnológico / competidor | N71: D107 | O71: 1 | P71: Defensa | Q71: https://www.tonboimaging.com/ | S71: No
A72: 71 | D72: TRAKKA SYSTEMS | E72: Estados Unidos | H72: FIDAE 2026 | I72: Prospecto | J72: Alta | K72: Mapear oferta: evaluar integración (cámaras térmicas, drones, satélite, comunicaciones) o competencia | L72: FIDAE 2026. Sin ubicación asignada. Sin contacto publicado. | M72: Partner tecnológico / competidor | O72: 0 | P72: Defensa | Q72: https://www.trakkasystems.com/ | S72: No
A73: 72 | D73: VOLATUS AEROSPACE CORP | E73: Canadá | H73: FIDAE 2026 | I73: Prospecto | J73: Alta | K73: Mapear oferta: evaluar integración (cámaras térmicas, drones, satélite, comunicaciones) o competencia | L73: FIDAE 2026. Sin contacto publicado. | M73: Partner tecnológico / competidor | N73: B01 | O73: 1 | P73: UAV / drones | Q73: https://www.volatusaerospace.com/ | S73: No
A74: 73 | D74: XMOBOTS AEROESPACIAL E DEFESA | E74: Brasil | H74: FIDAE 2026 | I74: Prospecto | J74: Alta | K74: Mapear oferta: evaluar integración (cámaras térmicas, drones, satélite, comunicaciones) o competencia | L74: FIDAE 2026. Sin contacto publicado. | M74: Partner tecnológico / competidor | N74: C47 | O74: 1 | P74: Defensa | Q74: https://www.xmobots.com.br/ | S74: No
A75: 74 | D75: 9G SIMULATORS SPA | E75: Chile | H75: FIDAE 2026 | I75: Prospecto | J75: Alta | K75: Explorar alianza comercial / formación conjunta en seguridad | L75: FIDAE 2026. Sin contacto publicado. | M75: Canal / aliado – capacitación y consultoría | N75: HALL E 20 | O75: 1 | P75: Aviación civil y comercial | Q75: https://www.9g-simulators.com/ | S75: No
A76: 75 | D76: COMPUTATIONAL ENTERPRISE SIMULATIONS CHILE SPA | E76: Chile | H76: FIDAE 2026 | I76: Prospecto | J76: Alta | K76: Explorar alianza comercial / formación conjunta en seguridad | L76: FIDAE 2026. También en: ExpoMina (ID 382). Sin contacto publicado. | M76: Canal / aliado – capacitación y consultoría | N76: B21 | O76: 1 | P76: Aviación civil y comercial | Q76: https://www.cesimulations.com/ | S76: ExpoMina (ID 382)
A77: 76 | D77: CORPORACION INSTITUTO PROFESIONAL INACAP | E77: Chile | H77: FIDAE 2026 | I77: Prospecto | J77: Alta | K77: Explorar alianza comercial / formación conjunta en seguridad | L77: FIDAE 2026. Sin contacto publicado. | M77: Canal / aliado – capacitación y consultoría | N77: G01 | O77: 1 | P77: Educación | Q77: https://www.portal.inacacp.cl/ | S77: No
A78: 77 | D78: EQUIPOS Y SERVICIOS TENSOR LTDA | E78: Chile | H78: FIDAE 2026 | I78: Prospecto | J78: Alta | K78: Explorar alianza comercial / formación conjunta en seguridad | L78: FIDAE 2026. Sin contacto publicado. | M78: Canal / aliado – capacitación y consultoría | N78: E05 | O78: 1 | P78: Defensa | Q78: https://www.tensorconsult.cl/ | S78: No
A79: 78 | D79: ESCUELA TECNICA AERONAUTICA - DIRECCION GENERAL DE AERONAUTICA CIVIL (ETA) | E79: Chile | H79: FIDAE 2026 | I79: Prospecto | J79: Alta | K79: Explorar alianza comercial / formación conjunta en seguridad | L79: FIDAE 2026. Sin contacto publicado. | M79: Canal / aliado – capacitación y consultoría | N79: G09 | O79: 1 | P79: Otros | Q79: https://www.escuelaaeronautca.cl/ | S79: No
A80: 79 | D80: SERVICIOS PROFESIONALES UP SPA (BLACK UP) | E80: Chile | H80: FIDAE 2026 | I80: Prospecto | J80: Alta | K80: Explorar alianza comercial / formación conjunta en seguridad | L80: FIDAE 2026. Sin contacto publicado. | M80: Canal / aliado – capacitación y consultoría | N80: D6 | O80: 1 | P80: Defensa | Q80: https://www.black-up.cl/ | S80: No
A81: 80 | D81: ADF FLIGHT SCHOOL | E81: Estados Unidos | H81: FIDAE 2026 | I81: Prospecto | J81: Alta | K81: Explorar alianza comercial / formación conjunta en seguridad | L81: FIDAE 2026. Sin contacto publicado. | M81: Canal / aliado – capacitación y consultoría | N81: G119 | O81: 1 | P81: Aviación civil y comercial | Q81: https://www.adfairways.net/ | S81: No
A82: 81 | D82: CT INGENIEROS AAI, S.L. | E82: España | H82: FIDAE 2026 | I82: Prospecto | J82: Alta | K82: Explorar alianza comercial / formación conjunta en seguridad | L82: FIDAE 2026. Sin contacto publicado. | M82: Canal / aliado – capacitación y consultoría | N82: B120 | O82: 1 | P82: Aviación civil y comercial | Q82: https://www.ctingeneeringgroup.com/ | S82: No
A83: 82 | D83: EOLO CONSULTORES | E83: Perú | H83: FIDAE 2026 | I83: Prospecto | J83: Alta | K83: Explorar alianza comercial / formación conjunta en seguridad | L83: FIDAE 2026. Sin contacto publicado. | M83: Canal / aliado – capacitación y consultoría | N83: B16 | O83: 1 | P83: Otros | Q83: https://www.eoloconsult.com/ | S83: No
A84: 83 | D84: REISER SIMULATION & TRAINING GMBH | E84: Alemania | H84: FIDAE 2026 | I84: Prospecto | J84: Alta | K84: Explorar alianza comercial / formación conjunta en seguridad | L84: FIDAE 2026. Sin contacto publicado. | M84: Canal / aliado – capacitación y consultoría | N84: G02 | O84: 1 | P84: Aeroespacial | Q84: https://www.reiser-st.com/ | S84: No
... A108: 107 | D108: TECHMAN-HEAD | E108: Francia | H108: FIDAE 2026 | I108: Prospecto | J108: Media | K108: Explorar alianza con representante local / centros de servicio en Chile | L108: FIDAE 2026. Sin contacto publicado. | M108: Partner OEM – aeronaves, motores y equipos | N108: B114 | O108: 1 | P108: Servicios y equipos aeroportuarios | Q108: https://www.techman-head.com/ | S108: No
A109: 108 | D109: TEXTRON AVIATION | E109: Estados Unidos | H109: FIDAE 2026 | I109: Prospecto | J109: Media | K109: Explorar alianza con representante local / centros de servicio en Chile | L109: FIDAE 2026. Sin contacto publicado. | M109: Partner OEM – aeronaves, motores y equipos | N109: CHALET A 5-8/ AIRCRAFT DISPLAY | O109: 1 | P109: Aviación civil y comercial | S109: No
A110: 109 | D110: THALES | E110: Francia | H110: FIDAE 2026 | I110: Prospecto | J110: Media | K110: Explorar alianza con representante local / centros de servicio en Chile | L110: FIDAE 2026. Sin contacto publicado. | M110: Partner OEM – aeronaves, motores y equipos | N110: B117 | O110: 1 | P110: Aviación civil y comercial | Q110: https://www.thalesgroup.com/ | S110: No
A111: 110 | D111: THE BOEING COMPANY | E111: Estados Unidos | H111: FIDAE 2026 | I111: Prospecto | J111: Media | K111: Explorar alianza con representante local / centros de servicio en Chile | L111: FIDAE 2026. Sin contacto publicado. | M111: Partner OEM – aeronaves, motores y equipos | N111: CHALET B4-5 | O111: 1 | P111: Aviación civil y comercial | Q111: https://www.boeing.com/ | S111: No
A112: 111 | D112: BTG GROUP SPA | E112: Chile | H112: FIDAE 2026 | I112: Prospecto | J112: Media | K112: Evaluar como canal de distribución hacia industria/FF.AA. | L112: FIDAE 2026. Sin contacto publicado. | M112: Canal / distribuidor EPP y equipamiento táctico | N112: E9 | O112: 1 | P112: Servicios y equipos aeroportuarios | Q112: https://www.beartaticalgear.com/ | S112: No
A113: 112 | D113: COMERCIALIZADORA RMH SPA (HAIX) | E113: Chile | H113: FIDAE 2026 | I113: Prospecto | J113: Media | K113: Evaluar como canal de distribución hacia industria/FF.AA. | L113: FIDAE 2026. Sin contacto publicado. | M113: Canal / distribuidor EPP y equipamiento táctico | N113: D9 | O113: 1 | P113: Seguridad interior | Q113: https://www.haix.com/ | S113: No
A114: 113 | D114: DON KYATT SOUTHAMERICA SPA | E114: Chile | H114: FIDAE 2026 | I114: Prospecto | J114: Media | K114: Evaluar como canal de distribución hacia industria/FF.AA. | L114: FIDAE 2026. Sin contacto publicado. | M114: Canal / distribuidor EPP y equipamiento táctico | N114: HALLG - OUTG02 | O114: 1 | P114: Otros | Q114: https://www.terraintamer.com/ | S114: No
A115: 114 | D115: IMPORTACIONES Y REPRESENTACIONES TRUST LINE LTDA | E115: Chile | H115: FIDAE 2026 | I115: Prospecto | J115: Media | K115: Evaluar como canal de distribución hacia industria/FF.AA. | L115: FIDAE 2026. Sin contacto publicado. | M115: Canal / distribuidor EPP y equipamiento táctico | N115: E35 | O115: 1 | P115: Defensa | Q115: https://www.trustline.cl/ | S115: No
A116: 115 | D116: IMPORTADORA LILLO SPA | E116: Chile | H116: FIDAE 2026 | I116: Prospecto | J116: Media | K116: Evaluar como canal de distribución hacia industria/FF.AA. | L116: FIDAE 2026. Sin contacto publicado. | M116: Canal / distribuidor EPP y equipamiento táctico | N116: E44 | O116: 1 | P116: Defensa | Q116: https://www.heliboss.cl/ | S116: No
A117: 116 | D117: INVERSIONES RETA SPA | E117: Chile | H117: FIDAE 2026 | I117: Prospecto | J117: Media | K117: Evaluar como canal de distribución hacia industria/FF.AA. | L117: FIDAE 2026. Sin contacto publicado. | M117: Canal / distribuidor EPP y equipamiento táctico | N117: D02 | O117: 1 | P117: Defensa | Q117: https://www.botasmilitares.cl/ | S117: No
A118: 117 | D118: MGCG SPA | E118: Chile | H118: FIDAE 2026 | I118: Prospecto | J118: Media | K118: Evaluar como canal de distribución hacia industria/FF.AA. | L118: FIDAE 2026. Sin contacto publicado. | M118: Canal / distribuidor EPP y equipamiento táctico | N118: E46 | O118: 1 | P118: Defensa | Q118: https://www.militarygear.cl/ | S118: No
A119: 118 | D119: MIGUEL CABALLEROS CHILE SPA | E119: Chile | H119: FIDAE 2026 | I119: Prospecto | J119: Media | K119: Evaluar como canal de distribución hacia industria/FF.AA. | L119: FIDAE 2026. Sin contacto publicado. | M119: Canal / distribuidor EPP y equipamiento táctico | N119: E33 | O119: 1 | S119: No
A120: 119 | D120: PROTACTICAL SPA | E120: Chile | H120: FIDAE 2026 | I120: Prospecto | J120: Media | K120: Evaluar como canal de distribución hacia industria/FF.AA. | L120: FIDAE 2026. Sin contacto publicado. | M120: Canal / distribuidor EPP y equipamiento táctico | N120: E02 | O120: 1 | P120: Defensa | Q120: https://www.protactical.cl/ | S120: No
A121: 120 | D121: SOCIEDAD COMERCIAL E INDUSTRIAL AUSTRAL TACTICAL SPA | E121: Chile | H121: FIDAE 2026 | I121: Prospecto | J121: Media | K121: Evaluar como canal de distribución hacia industria/FF.AA. | L121: FIDAE 2026. Sin contacto publicado. | M121: Canal / distribuidor EPP y equipamiento táctico | N121: OUTE04 | O121: 1 | P121: Defensa | Q121: https://www.australtactical.cl/ | S121: No
A122: 121 | D122: ARMOR INTERNATIONAL SAS | E122: Colombia | H122: FIDAE 2026 | I122: Prospecto | J122: Media | K122: Evaluar como canal de distribución hacia industria/FF.AA. | L122: FIDAE 2026. Sin contacto publicado. | M122: Canal / distribuidor EPP y equipamiento táctico | N122: OUTDOOR B | O122: 1 | P122: Defensa | Q122: https://www.armorinternational.com/ | S122: No
A123: 122 | D123: BELLEVILLE BOOT COMPANY | E123: Estados Unidos | H123: FIDAE 2026 | I123: Prospecto | J123: Media | K123: Evaluar como canal de distribución hacia industria/FF.AA. | L123: FIDAE 2026. Sin contacto publicado. | M123: Canal / distribuidor EPP y equipamiento táctico | N123: C74 | O123: 1 | P123: Defensa | Q123: https://www.bellevilleboot.com/ | S123: No
A124: 123 | D124: CONDOR OUTDOOR PRODUCTS, INC | E124: Estados Unidos | H124: FIDAE 2026 | I124: Prospecto | J124: Media | K124: Evaluar como canal de distribución hacia industria/FF.AA. | L124: FIDAE 2026. Sin contacto publicado. | M124: Canal / distribuidor EPP y equipamiento táctico | N124: C08 | O124: 1 | P124: Defensa | Q124: https://www.condoroutdoor.com/ | S124: No
A125: 124 | D125: FENIX PROTECTOR S.R.O. | E125: República Checa | H125: FIDAE 2026 | I125: Prospecto | J125: Media | K125: Evaluar como canal de distribución hacia industria/FF.AA. | L125: FIDAE 2026. Sin contacto publicado. | M125: Canal / distribuidor EPP y equipamiento táctico | N125: B137 | O125: 1 | P125: Defensa | Q125: https://www.fenix-protector.com/ | S125: No
A126: 125 | D126: GUMARNY ZUBRI A.S. | E126: República Checa | H126: FIDAE 2026 | I126: Prospecto | J126: Media | K126: Evaluar como canal de distribución hacia industria/FF.AA. | L126: FIDAE 2026. Sin contacto publicado. | M126: Canal / distribuidor EPP y equipamiento táctico | N126: B137 | O126: 1 | P126: Defensa | Q126: https://www.guzu.cz/ | S126: No
A127: 126 | D127: KONG ITALY SPA | E127: Italia | H127: FIDAE 2026 | I127: Prospecto | J127: Media | K127: Evaluar como canal de distribución hacia industria/FF.AA. | L127: FIDAE 2026. Sin contacto publicado. | M127: Canal / distribuidor EPP y equipamiento táctico | N127: B26 | O127: 1 | P127: Defensa | Q127: https://www.kong.it/ | S127: No
A128: 127 | D128: MILFORT S.A. | E128: Colombia | H128: FIDAE 2026 | I128: Prospecto | J128: Media | K128: Evaluar como canal de distribución hacia industria/FF.AA. | L128: FIDAE 2026. Sin contacto publicado. | M128: Canal / distribuidor EPP y equipamiento táctico | N128: D24 | O128: 1 | P128: Defensa | Q128: https://www.milfortshop.com/ | S128: No
A129: 128 | D129: MKU LIMITED | E129: India | H129: FIDAE 2026 | I129: Prospecto | J129: Media | K129: Evaluar como canal de distribución hacia industria/FF.AA. | L129: FIDAE 2026. Sin contacto publicado. | M129: Canal / distribuidor EPP y equipamiento táctico | N129: G17-G18 | O129: 1 | P129: Defensa | Q129: https://www.mku.com/ | S129: No
A130: 129 | D130: POINT BLANK ENTERPRISES | E130: Estados Unidos | H130: FIDAE 2026 | I130: Prospecto | J130: Media | K130: Evaluar como canal de distribución hacia industria/FF.AA. | L130: FIDAE 2026. Sin contacto publicado. | M130: Canal / distribuidor EPP y equipamiento táctico | N130: C48 | O130: 1 | P130: Defensa | Q130: https://www.pointblnkenterprises.com/ | S130: No
A131: 130 | D131: SWITLIK PARACHUTE CO., INC. | E131: Estados Unidos | H131: FIDAE 2026 | I131: Prospecto | J131: Media | K131: Evaluar como canal de distribución hacia industria/FF.AA. | L131: FIDAE 2026. Sin contacto publicado. | M131: Canal / distribuidor EPP y equipamiento táctico | N131: C66 | O131: 1 | P131: Defensa | Q131: https://www.switlik.com/ | S131: No
... A134: 133 | D134: HESCO REP. BY BAI CONSULTING | E134: Chile | H134: FIDAE 2026 | I134: Prospecto | J134: Media | K134: Evaluar co-venta o integración de soluciones | L134: FIDAE 2026. Sin contacto publicado. | M134: Aliado complementario – seguridad | N134: E115 | O134: 1 | P134: Defensa | Q134: https://www.hesco.com/ | S134: No
...

Sheet Oportunidades
A1: ID oportunidad | B1: ID contacto | C1: Empresa | D1: Necesidad | E1: Solución propuesta | F1: Etapa | G1: Valor estimado | H1: Probabilidad | I1: Próxima acción | J1: Fecha

Sheet Resumen
A1: Evento/Fuente | B1: País | C1: Cantidad
A2: FIDAE 2026 | B2: Chile | C2: =COUNTIFS(Contactos!$H:$H,$A2,Contactos!$E:$E,$B2) -> 127
A3: FIDAE 2026 | B3: Estados Unidos | C3: =COUNTIFS(Contactos!$H:$H,$A3,Contactos!$E:$E,$B3) -> 74
A4: FIDAE 2026 | B4: Corea del Sur | C4: =COUNTIFS(Contactos!$H:$H,$A4,Contactos!$E:$E,$B4) -> 30
A5: FIDAE 2026 | B5: República Checa | C5: =COUNTIFS(Contactos!$H:$H,$A5,Contactos!$E:$E,$B5) -> 25
A6: FIDAE 2026 | B6: Brasil | C6: =COUNTIFS(Contactos!$H:$H,$A6,Contactos!$E:$E,$B6) -> 24
A7: FIDAE 2026 | B7: España | C7: =COUNTIFS(Contactos!$H:$H,$A7,Contactos!$E:$E,$B7) -> 22
A8: FIDAE 2026 | B8: Francia | C8: =COUNTIFS(Contactos!$H:$H,$A8,Contactos!$E:$E,$B8) -> 14
A9: FIDAE 2026 | B9: Argentina | C9: =COUNTIFS(Contactos!$H:$H,$A9,Contactos!$E:$E,$B9) -> 12
A10: FIDAE 2026 | B10: Austria | C10: =COUNTIFS(Contactos!$H:$H,$A10,Contactos!$E:$E,$B10) -> 11
A11: FIDAE 2026 | B11: Alemania | C11: =COUNTIFS(Contactos!$H:$H,$A11,Contactos!$E:$E,$B11) -> 10
A12: FIDAE 2026 | B12: Polonia | C12: =COUNTIFS(Contactos!$H:$H,$A12,Contactos!$E:$E,$B12) -> 10
A13: FIDAE 2026 | B13: Turquía | C13: =COUNTIFS(Contactos!$H:$H,$A13,Contactos!$E:$E,$B13) -> 9
... A36: FIDAE 2026 | B36: Letonia | C36: =COUNTIFS(Contactos!$H:$H,$A36,Contactos!$E:$E,$B36) -> 1
A37: Total | C37: =SUM(C2:C36) -> 427
A39: Segmento SafetyMind | B39: Alta | C39: Media | D39: Baja | E39: Total
A40: Cliente final – operador aéreo / MRO / industria | B40: =COUNTIFS(Contactos!$M:$M,$A40,Contactos!$J:$J,B$39) -> 26 | C40: =COUNTIFS(Contactos!$M:$M,$A40,Contactos!$J:$J,C$39) -> 0 | D40: =COUNTIFS(Contactos!$M:$M,$A40,Contactos!$J:$J,D$39) -> 0 | E40: =SUM(B40:D40) -> 26
A41: Partner tecnológico / competidor | B41: =COUNTIFS(Contactos!$M:$M,$A41,Contactos!$J:$J,B$39) -> 47 | C41: =COUNTIFS(Contactos!$M:$M,$A41,Contactos!$J:$J,C$39) -> 0 | D41: =COUNTIFS(Contactos!$M:$M,$A41,Contactos!$J:$J,D$39) -> 0 | E41: =SUM(B41:D41) -> 47
A42: Canal / aliado – capacitación y consultoría | B42: =COUNTIFS(Contactos!$M:$M,$A42,Contactos!$J:$J,B$39) -> 10 | C42: =COUNTIFS(Contactos!$M:$M,$A42,Contactos!$J:$J,C$39) -> 0 | D42: =COUNTIFS(Contactos!$M:$M,$A42,Contactos!$J:$J,D$39) -> 0 | E42: =SUM(B42:D42) -> 10
A43: Partner OEM – aeronaves, motores y equipos | B43: =COUNTIFS(Contactos!$M:$M,$A43,Contactos!$J:$J,B$39) -> 0 | C43: =COUNTIFS(Contactos!$M:$M,$A43,Contactos!$J:$J,C$39) -> 27 | D43: =COUNTIFS(Contactos!$M:$M,$A43,Contactos!$J:$J,D$39) -> 0 | E43: =SUM(B43:D43) -> 27
A44: Canal / distribuidor EPP y equipamiento táctico | B44: =COUNTIFS(Contactos!$M:$M,$A44,Contactos!$J:$J,B$39) -> 0 | C44: =COUNTIFS(Contactos!$M:$M,$A44,Contactos!$J:$J,C$39) -> 20 | D44: =COUNTIFS(Contactos!$M:$M,$A44,Contactos!$J:$J,D$39) -> 0 | E44: =SUM(B44:D44) -> 20
A45: Aliado complementario – seguridad | B45: =COUNTIFS(Contactos!$M:$M,$A45,Contactos!$J:$J,B$39) -> 0 | C45: =COUNTIFS(Contactos!$M:$M,$A45,Contactos!$J:$J,C$39) -> 11 | D45: =COUNTIFS(Contactos!$M:$M,$A45,Contactos!$J:$J,D$39) -> 0 | E45: =SUM(B45:D45) -> 11
A46: Aliado complementario – salud | B46: =COUNTIFS(Contactos!$M:$M,$A46,Contactos!$J:$J,B$39) -> 0 | C46: =COUNTIFS(Contactos!$M:$M,$A46,Contactos!$J:$J,C$39) -> 3 | D46: =COUNTIFS(Contactos!$M:$M,$A46,Contactos!$J:$J,D$39) -> 0 | E46: =SUM(B46:D46) -> 3
A47: Institución pública – FF.AA., policías y autoridad | B47: =COUNTIFS(Contactos!$M:$M,$A47,Contactos!$J:$J,B$39) -> 0 | C47: =COUNTIFS(Contactos!$M:$M,$A47,Contactos!$J:$J,C$39) -> 17 | D47: =COUNTIFS(Contactos!$M:$M,$A47,Contactos!$J:$J,D$39) -> 0 | E47: =SUM(B47:D47) -> 17
A48: Institución / gremio / pabellón país | B48: =COUNTIFS(Contactos!$M:$M,$A48,Contactos!$J:$J,B$39) -> 0 | C48: =COUNTIFS(Contactos!$M:$M,$A48,Contactos!$J:$J,C$39) -> 34 | D48: =COUNTIFS(Contactos!$M:$M,$A48,Contactos!$J:$J,D$39) -> 0 | E48: =SUM(B48:D48) -> 34
A49: Proveedor defensa / industrial | B49: =COUNTIFS(Contactos!$M:$M,$A49,Contactos!$J:$J,B$39) -> 0 | C49: =COUNTIFS(Contactos!$M:$M,$A49,Contactos!$J:$J,C$39) -> 0 | D49: =COUNTIFS(Contactos!$M:$M,$A49,Contactos!$J:$J,D$39) -> 232 | E49: =SUM(B49:D49) -> 232
A50: Total | B50: =SUM(B40:B49) -> 83 | C50: =SUM(C40:C49) -> 112 | D50: =SUM(D40:D49) -> 232 | E50: =SUM(E40:E49) -> 427
A52: Estado (pipeline) | B52: Cantidad
A53: Prospecto | B53: =COUNTIF(Contactos!$I:$I,A53) -> 427
A54: Contactado | B54: =COUNTIF(Contactos!$I:$I,A54) -> 0
A55: Reunión | B55: =COUNTIF(Contactos!$I:$I,A55) -> 0
A56: Propuesta | B56: =COUNTIF(Contactos!$I:$I,A56) -> 0
A57: Cliente | B57: =COUNTIF(Contactos!$I:$I,A57) -> 0
A58: No interesado | B58: =COUNTIF(Contactos!$I:$I,A58) -> 0
A60: Indicadores | B60: Cantidad
A61: Registros originales | B61: 449
A62: Empresas / instituciones únicas | B62: =COUNTA(Contactos!$D$2:$D$3000) -> 427
A63: Con sede en Chile | B63: =COUNTIF(Contactos!$E$2:$E$3000,"Chile") -> 127
A64: Con web | B64: =COUNTIF(Contactos!$Q$2:$Q$3000,"?*") -> 402
A65: En otros CRM | B65: =COUNTIF(Contactos!$S$2:$S$3000,"*(ID*") -> 11

Sheet Eventos
A1: Evento | B1: País | C1: Valor para SafetyMind
A2: Directorio SSO 2026 – Cero Accidentes (22.ª ed.) | B2: Perú | C2: Mapa de ~670 proveedores SST en Perú (ver CRM_Directorio_SSO_2026).
A3: ExpoMina Perú 2026 | B3: Perú | C3: Feria minera (ver CRM_ExpoMina_2026).
A4: Exponor 2026 (Antofagasta) | B4: Chile | C4: Feria minera del norte de Chile (ver CRM_Exponor_2026).
A5: AquaSur 2026 (Puerto Montt) | B5: Chile | C5: Feria acuícola (ver CRM_AquaSur_2026).
A6: FIDAE 2026 (Santiago) | B6: Chile | C6: Feria aeroespacial y de defensa: operadores aéreos y MRO (hangar, rampa, combustible), FF.AA. y policías, tecnología de sensores/drones/satélites y fabricantes de aeronaves.
